first_name,last_name,preferred_name,date_of_birth,grade_level,enrollment_status,family_name,is_split_household,address_street,address_city,address_state,address_zip,home_phone,home_email,parent1_name,parent1_email,parent1_phone,parent1_relationship,parent1_custody,parent1_legal,parent1_primary_contact,parent1_emergency,parent1_can_pickup,parent2_name,parent2_email,parent2_phone,parent2_relationship,parent2_custody,parent2_legal,parent2_emergency,parent2_can_pickup,emergency_contact_name,emergency_contact_phone,emergency_contact_rel,allergies,medical_conditions,medical_notes,notes
Quintrell Lou,Cook,,2014-02-11,7th,enrolled,Cook Family,no,341 Guinevere Dr SW,Palm Bay,FL,32908,(321) 292-2128,msmel86@gmail.com,Melda St Gerard,msmel86@gmail.com,(321) 292-2128,mother,primary,yes,yes,yes,yes,Quindrick Cook,,(321) 914-6275,father,joint,yes,yes,yes,Rashard Hoggins,(321) 446-6495,brother,,,,"Scholarship: Family Empowerment Scholarship (FES-UA) — HomeLife Academy umbrella."
Neriah,Cook,,2015-11-01,4th,enrolled,Cook Family,no,341 Guinevere Dr SW,Palm Bay,FL,32908,(321) 292-2128,msmel86@gmail.com,Melda St Gerard,msmel86@gmail.com,(321) 292-2128,mother,primary,yes,yes,yes,yes,Quindrick Cook,,(321) 914-6275,father,joint,yes,yes,yes,,,,"DOCUMENT FOLLOW-UP REQUIRED — birth certificate, immunization record, and parent ID all submitted as ""Not applicable.pdf"". Real documents required before enrollment is considered complete. DOB: 2015-11-01. Scholarship: FES-UA (HomeLife Academy)."
Briyanna,Sears,Bri,2012-08-16,8th,enrolled,Sears Family,no,457 Crystalmist Rd NW,Palm Bay,FL,32907,(561) 215-4812,dollysears@gmail.com,Dolly Sears,dollysears@gmail.com,(561) 215-4812,mother,primary,yes,yes,yes,yes,Brandon Sears,Searsfam1610@gmail.com,(321) 355-0690,father,joint,yes,yes,yes,Emmanuella Clermont,(561) 215-4821,grandmother,,,,"Scholarship: Family Empowerment Scholarship (FES-UA). Umbrella school enrollment needed."
Brandon,Sears,BJ,2015-11-02,5th,enrolled,Sears Family,no,457 Crystalmist Rd NW,Palm Bay,FL,32907,(561) 215-4812,dollysears@gmail.com,Dolly Sears,dollysears@gmail.com,(561) 215-4812,mother,primary,yes,yes,yes,yes,Brandon Sears,Searsfam1610@gmail.com,(321) 355-0690,father,joint,yes,yes,yes,Emmanuella Clermont,(561) 215-4821,grandmother,,,,"Scholarship: Family Empowerment Scholarship (FES-UA)."
Braylee,Sears,Braylee,2018-04-09,2nd,enrolled,Sears Family,no,457 Crystalmist Rd NW,Palm Bay,FL,32907,(561) 215-4812,dollysears@gmail.com,Dolly Sears,dollysears@gmail.com,(561) 215-4812,mother,primary,yes,yes,yes,yes,Brandon Sears,Searsfam1610@gmail.com,(321) 355-0690,father,joint,yes,yes,yes,Emmanuella Sears,(561) 215-4821,grandmother,,,,"Scholarship: Family Empowerment Scholarship (FES-UA)."
Jeina Inoue,Payne,Jade,2010-10-10,10th,enrolled,Harley Family,no,1595 Palm Bay Rd #1008,Palm Bay,FL,32908,(321) 978-1171,lifeandbeyond21@gmail.com,Tra'Shana Harley,lifeandbeyond21@gmail.com,(321) 978-1171,legal_guardian,primary,yes,yes,yes,yes,,,,,,,,,Jasmine Alexander,(407) 717-5012,other,,,"IEP on file (Specific Learning Disability — SLD, Volusia County Schools). IEP copy included in enrollment submission. Confirm IEP is current and obtain updated copy if needed. Prior school: Winter Springs."
Lily,Hasibar,,2010-12-08,10th,enrolled,Harley Family,no,1595 Palm Bay Rd #1008,Palm Bay,FL,32908,(321) 978-1171,lifeandbeyond21@gmail.com,Tra'Shana Harley,lifeandbeyond21@gmail.com,(321) 978-1171,legal_guardian,primary,yes,yes,yes,yes,,,,,,,,,Jasmine Alexander,(407) 717-5012,other,,,"Birth certificate still required. Guardian Tra'Shana Harley uploaded a Power of Attorney from Sarah Hasibar (biological parent, 46 Olsen Rd, Cocoa FL) in place of a birth certificate. POA expired 2026-08-14. Obtain current birth certificate before enrollment is considered complete."
Khloe,McBride,,2011-01-14,10th,enrolled,Harley Family,no,1595 Palm Bay Rd #1008,Palm Bay,FL,32908,(321) 978-1171,lifeandbeyond21@gmail.com,Tra'Shana Harley,lifeandbeyond21@gmail.com,(321) 978-1171,legal_guardian,primary,yes,yes,yes,yes,,,,,,,,,Jasmine Alexander,(407) 717-5012,other,,,"No guardianship or POA document from Tra'Shana Harley found in file. Birth certificate (KMC BC.pdf) is present — confirm DOB matches 2011-01-14. Collect guardianship/POA documentation."
Stevie,Beckham,,,10th,enrolled,Harley Family,no,1595 Palm Bay Rd #1008,Palm Bay,FL,32908,(321) 978-1171,lifeandbeyond21@gmail.com,Tra'Shana Harley,lifeandbeyond21@gmail.com,(321) 978-1171,legal_guardian,primary,yes,yes,yes,yes,,,,,,,,,Jasmine Alexander,(407) 717-5012,other,,,"DOB VERIFICATION REQUIRED — enrollment form states 2010-07-26; birth certificate OCR reads July 20, 2010. Verify actual DOB against original birth certificate before entry. DOB left blank pending verification. IEP status: form indicates IEP exists but no copy was uploaded. Obtain IEP copy."
Robert,Taylor,,2013-10-24,7th,enrolled,Taylor Family,no,3695 Heritage Lakes,West Melbourne,FL,32904,(321) 201-6798,,Racheal Thornton,,(321) 201-6798,mother,primary,yes,yes,yes,yes,Mantravius Thornton,raeandtrae@yahoo.com,(321) 499-7876,stepfather,joint,yes,yes,yes,,,,"PARENT 1 EMAIL VERIFICATION REQUIRED — submitted email address was raeandtrae@yahoo.con (invalid domain — likely typo for .com). Parent 1 email left blank; do not send communications to unverified address. Use parent 2 email (raeandtrae@yahoo.com) for interim communications. Verify correct parent 1 email with Racheal Thornton before inviting to portal. Scholarship: Family Empowerment Scholarship (FES-UA)."
Jezziyn,Farr-Saint Fleur,Zi,2010-01-13,11th,enrolled,Johnson Family,yes,1443 Palau St SE,Palm Bay,FL,32909,(321) 795-9724,elisa_farr@yahoo.com,Elisa Johnson,elisa_farr@yahoo.com,(321) 795-9724,mother,primary,yes,yes,yes,yes,Kenny Johnson,kennethbjohnson321@gmail.com,(321) 271-5346,stepfather,joint,yes,yes,yes,,,,"Johnson Family is a split-household family. Primary household (Johnson): Elisa Johnson + Kenny Johnson. Secondary household (Saint Fleur): Jean Paul Saint Fleur — add post-import as third guardian. Birth certificate, immunization record, and parent ID submitted as ""Not applicable.pdf"". Real documents required."
Jrisstyn,Farr-Saint Fleur,Jris,2015-03-04,6th,enrolled,Johnson Family,yes,1443 Palau St SE,Palm Bay,FL,32909,(321) 795-9724,elisa_farr@yahoo.com,Elisa Johnson,elisa_farr@yahoo.com,(321) 795-9724,mother,primary,yes,yes,yes,yes,Kenny Johnson,kennethbjohnson321@gmail.com,(321) 271-5346,stepfather,joint,yes,yes,yes,,,,Bees; wasps; biting insects,Anaphylaxis to bees,"Anaphylaxis to bees, wasps, and biting insects — SEVERE/ANAPHYLACTIC. Student carries EpiPen. EpiPen Authorization Form must be completed and on file before student's first day.","⚠️ ANAPHYLAXIS ALERT — see medical record. EpiPen on hand required. Johnson Family split household. Jean Paul Saint Fleur (bio father) must be added as third guardian post-import. Birth cert, immunization record, and parent ID submitted as ""Not applicable.pdf"". Real documents required. Scholarship: FES-UA."
Emeliya,Farr-Saint Fleur,Emz,2016-05-24,6th,enrolled,Johnson Family,yes,1443 Palau St SE,Palm Bay,FL,32909,(321) 795-9724,elisa_farr@yahoo.com,Elisa Johnson,elisa_farr@yahoo.com,(321) 795-9724,mother,primary,yes,yes,yes,yes,Kenny Johnson,kennethbjohnson321@gmail.com,(321) 271-5346,stepfather,joint,yes,yes,yes,,,,"VERIFY GRADE LEVEL — DOB 2016-05-24 (age 10) enrolled in 6th grade; confirm with family. Johnson Family split household. Jean Paul Saint Fleur (bio father) must be added as third guardian post-import. Birth cert, immunization record, and parent ID submitted as ""Not applicable.pdf"". Real documents required. Scholarship: PEP."
Eddy Jacob,Joseph,Jacob,2017-10-26,3rd,enrolled,Johnson Family,yes,1443 Palau St SE,Palm Bay,FL,32909,(321) 795-9724,elisa_farr@yahoo.com,Elisa Johnson,elisa_farr@yahoo.com,(321) 795-9724,mother,primary,yes,yes,yes,yes,Kenny Johnson,kennethbjohnson321@gmail.com,(321) 271-5346,stepfather,joint,yes,yes,yes,,,,"Legal first name is ""Eddy Jacob Joseph"" — student prefers ""Jacob"". Grade confirmed as 3rd (Aug 6 submission). Aug 20 resubmission by same family listed 2nd grade; 3rd grade used. Johnson Family split household. Jean Paul Saint Fleur (bio father) must be added as third guardian post-import."
Ezra'Miah,Johnson,Ezra,2019-07-24,2nd,enrolled,Johnson Family,yes,1443 Palau St SE,Palm Bay,FL,32909,(321) 795-9724,elisa_farr@yahoo.com,Elisa Johnson,elisa_farr@yahoo.com,(321) 795-9724,stepmother,joint,yes,yes,yes,yes,Kenny Johnson,kennethbjohnson321@gmail.com,(321) 271-5346,father,primary,yes,yes,yes,,,"Dust and strong scents (moderate)",Asthma,"Asthma — uses inhaler as needed. Allergy to dust and strong scents (moderate, no EpiPen). Medication required during program hours — medication name, dosage, and instructions not provided. Medication Authorization Form required before first day.","Johnson Family split household. Secondary household: Jolissaint Household (510 Olney St, Palm Bay, FL 32908) — create post-import and add Keishla Jolissaint (Amber) as third guardian linked to that household. Bio mother (Keishla/Amber Jolissaint, ayala.keishla28@gmail.com, (321) 493-4024) should only see Ezra in portal, NOT the Farr-Saint Fleur children."
Blake,McGarry,,2015-03-12,6th,enrolled,McGarry Family,no,338 Garvey Road,Palm Bay,FL,32908,(321) 848-1016,alyssamcgarry20@gmail.com,Alyssa McGarry,alyssamcgarry20@gmail.com,(321) 848-1016,mother,primary,yes,yes,yes,yes,Christopher McGarry,chrismcg0420@gmail.com,(321) 419-9931,father,joint,yes,yes,yes,Karen McGarry,(321) 271-0557,grandmother,"Amoxicillin, penicillin",Asthma,"Asthma — uses inhaler as needed, mostly after fast physical activity. No EpiPen required. Allergy to amoxicillin and penicillin.",
Eli,McGarry,,2017-03-30,4th,enrolled,McGarry Family,no,338 Garvey Road,Palm Bay,FL,32908,(321) 848-1016,alyssamcgarry20@gmail.com,Alyssa McGarry,alyssamcgarry20@gmail.com,(321) 848-1016,mother,primary,yes,yes,yes,yes,Christopher McGarry,chrismcg0420@gmail.com,(321) 419-9931,father,joint,yes,yes,yes,Karen McGarry,(321) 271-0557,grandmother,,,,"Guardian 2 (father Christopher McGarry) phone number was missing from some earlier submissions; using (321) 419-9931 from Aug submissions."
Michael,McGarry,Mike,2021-02-13,K,enrolled,McGarry Family,no,338 Garvey Road,Palm Bay,FL,32908,(321) 848-1016,alyssamcgarry20@gmail.com,Alyssa McGarry,alyssamcgarry20@gmail.com,(321) 848-1016,mother,primary,yes,yes,yes,yes,Christopher McGarry,chrismcg0420@gmail.com,(321) 419-9931,father,joint,yes,yes,yes,Karen McGarry,(321) 271-0557,grandmother,,,,"Parent note: speech and vocabulary development delay. No formal IEP on file per enrollment form."
Cole,Young,Cole,2015-10-22,5th,enrolled,Young Family,no,3829 Gardenwood Circle,Grant Valkaria,FL,32949,(410) 402-4671,katemarie560@gmail.com,Kate Young,katemarie560@gmail.com,(410) 402-4671,mother,primary,yes,yes,yes,yes,Nathan Young,natekateplus4@gmail.com,(410) 402-4676,father,joint,yes,yes,yes,Amy Coombe,(480) 225-5637,other,,,,"Parent note: reading difficulties (possible dyslexia). Authorized pickup 2 entry listed a phone number (7602201994) instead of a relationship — verify intended relationship for Amina Levy."
